class,feature,z_score,reliable
bottle_recognition,Helligkeit_Flaschenerkennung,116.80468736285769,True
bottle_recognition,journal_count,217739.77364428085,True
bottle_recognition,total_quantity,290290.31080575526,True
bottle_recognition,total_deposit,348581.063873701,True
bottle_recognition,total_weight,161262.92611154972,True
bottle_recognition,unique_categories,68753.98710862895,True
bottle_recognition,reject_count,4016.000311876904,True
bottle_recognition,has_reject,21052.626903207303,True
bottle_recognition,cleaning_count,239955.49426699278,False
bottle_recognition,cleaning_duration,928.7245471373438,True
bottle_recognition,cleaning_begin_pixels,1528.7462235579808,True
bottle_recognition,cleaning_end_pixels,1822.1895401941747,True
bottle_recognition,receipt_count,38422.36902659101,True
bottle_recognition,schließen_Weiche 1,239.56147964508392,True
bottle_recognition,schließen_Weiche 2,43.48784062565644,True
bottle_recognition,öffnen_Weiche 1,73.37668834422675,True
bottle_recognition,öffnen_Weiche 2,25.049721123871777,True
bottle_recognition,schließen_Weiche 3,2544.0764253838347,True
bottle_recognition,schließen_Weiche 4,68.6915899000588,True
bottle_recognition,schließen_Weiche 5,33.77379108746432,True
bottle_recognition,schließen_Weiche 6,77.3418918087589,True
bottle_recognition,schließen_Weiche 7,511.3817622835184,True
bottle_recognition,öffnen_Weiche 3,794.6949111293256,True
bottle_recognition,öffnen_Weiche 4,1760.118850129369,True
bottle_recognition,öffnen_Weiche 5,87.31418707465816,True
bottle_recognition,öffnen_Weiche 6,88.27726611382276,True
bottle_recognition,öffnen_Weiche 7,176.3805681961895,True
bottle_recognition,read SM_RingCamera 1,457.730586527453,True
bottle_recognition,read SM_RingCamera 2,2737.3569830842207,True
bottle_recognition,read SM_RingCamera 3,380.0100813603942,True
bottle_recognition,read SM_RingCamera 4,589.7779762593934,True
bottle_recognition,read SM_RingCamera 5,1417.7475669336611,True
bottle_recognition,read SM_RingCamera 6,14600886.404514313,False
bottle_recognition,read barcode_RingCamera 1,1815.2695452231935,True
bottle_recognition,read barcode_RingCamera 2,3485.704935544765,True
bottle_recognition,read barcode_RingCamera 3,7517.7588924967595,False
bottle_recognition,read barcode_RingCamera 4,1963.0198456127632,True
bottle_recognition,read barcode_RingCamera 5,221.96005197062874,True
bottle_recognition,read barcode_RingCamera 6,109.44103000999328,True
mechanical_jam,Helligkeit_Flaschenerkennung,132.48112469186552,True
mechanical_jam,journal_count,75501.41851835097,True
mechanical_jam,total_quantity,98256.93366534356,True
mechanical_jam,total_deposit,112610.85116419908,True
mechanical_jam,total_weight,73519.3224677495,True
mechanical_jam,unique_categories,44394.06516227341,True
mechanical_jam,reject_count,626.4350901758507,True
mechanical_jam,has_reject,20617.612936690515,True
mechanical_jam,cleaning_count,2459647.9985166825,False
mechanical_jam,cleaning_duration,23996.727284776513,True
mechanical_jam,cleaning_begin_pixels,15143.048479947905,True
mechanical_jam,cleaning_end_pixels,18276.243566093224,True
mechanical_jam,receipt_count,15981.986262192922,True
mechanical_jam,schließen_Weiche 1,319.11801395700587,True
mechanical_jam,schließen_Weiche 2,49.26509054446312,True
mechanical_jam,öffnen_Weiche 1,96.33866196261914,True
mechanical_jam,öffnen_Weiche 2,25.904653536299385,True
mechanical_jam,schließen_Weiche 3,1272.5625928703034,True
mechanical_jam,schließen_Weiche 4,65.68662111672613,True
mechanical_jam,schließen_Weiche 5,35.40813553689276,True
mechanical_jam,schließen_Weiche 6,90.19752526697826,True
mechanical_jam,schließen_Weiche 7,502.9288728023291,True
mechanical_jam,öffnen_Weiche 3,343.3156223236129,True
mechanical_jam,öffnen_Weiche 4,1996.3207670409445,True
mechanical_jam,öffnen_Weiche 5,85.5827821159358,True
mechanical_jam,öffnen_Weiche 6,127.00018501202028,True
mechanical_jam,öffnen_Weiche 7,172.6800790344419,True
mechanical_jam,read SM_RingCamera 1,234.0397947458201,True
mechanical_jam,read SM_RingCamera 2,1463.293923223767,True
mechanical_jam,read SM_RingCamera 3,139.80558723337924,True
mechanical_jam,read SM_RingCamera 4,404.14984223735024,True
mechanical_jam,read SM_RingCamera 5,838.7778328039545,True
mechanical_jam,read SM_RingCamera 6,9936004.877090454,False
mechanical_jam,read barcode_RingCamera 1,603.0227434933965,True
mechanical_jam,read barcode_RingCamera 2,2201.722696505096,True
mechanical_jam,read barcode_RingCamera 3,4676.106622673007,False
mechanical_jam,read barcode_RingCamera 4,1237.6279513792751,True
mechanical_jam,read barcode_RingCamera 5,109.11957351722839,True
mechanical_jam,read barcode_RingCamera 6,44.31996479673102,True
compactor_status,Helligkeit_Flaschenerkennung,106.19671577479697,True
compactor_status,journal_count,58472.98811379524,True
compactor_status,total_quantity,67703.60268588974,True
compactor_status,total_deposit,79332.75667319744,True
compactor_status,total_weight,48510.33015924334,True
compactor_status,unique_categories,35696.88967984987,True
compactor_status,reject_count,431.51725568384967,True
compactor_status,has_reject,15266.872336273405,True
compactor_status,cleaning_count,275770.6791087638,False
compactor_status,cleaning_duration,2950.460246685264,True
compactor_status,cleaning_begin_pixels,6752.779185870478,True
compactor_status,cleaning_end_pixels,8062.72795910669,True
compactor_status,receipt_count,25710.148474971695,True
compactor_status,schließen_Weiche 1,275.3408291992484,True
compactor_status,schließen_Weiche 2,51.155051133331895,True
compactor_status,öffnen_Weiche 1,83.41175537017023,True
compactor_status,öffnen_Weiche 2,28.16971702912539,True
compactor_status,schließen_Weiche 3,1770.4391304199676,True
compactor_status,schließen_Weiche 4,57.875769155949236,True
compactor_status,schließen_Weiche 5,26.05325645887872,True
compactor_status,schließen_Weiche 6,59.3128263507601,True
compactor_status,schließen_Weiche 7,378.35174693881964,True
compactor_status,öffnen_Weiche 3,547.4544153068538,True
compactor_status,öffnen_Weiche 4,1706.2308717328806,True
compactor_status,öffnen_Weiche 5,61.738933042657145,True
compactor_status,öffnen_Weiche 6,77.07647554008484,True
compactor_status,öffnen_Weiche 7,133.92968992537283,True
compactor_status,read SM_RingCamera 1,154.34684671299877,True
compactor_status,read SM_RingCamera 2,674.1828169838276,True
compactor_status,read SM_RingCamera 3,135.3140496967302,True
compactor_status,read SM_RingCamera 4,192.10809920594903,True
compactor_status,read SM_RingCamera 5,278.84059164960723,True
compactor_status,read SM_RingCamera 6,4579801.112413406,False
compactor_status,read barcode_RingCamera 1,372.3020945260561,True
compactor_status,read barcode_RingCamera 2,938.1562913088411,True
compactor_status,read barcode_RingCamera 3,2064.6534028608976,False
compactor_status,read barcode_RingCamera 4,452.8803285952009,True
compactor_status,read barcode_RingCamera 5,39.11137602601585,True
compactor_status,read barcode_RingCamera 6,21.550574919694885,True
crate_recognition,Helligkeit_Flaschenerkennung,87.02329056952044,True
crate_recognition,journal_count,41280.90844756041,True
crate_recognition,total_quantity,51841.59203870172,True
crate_recognition,total_deposit,64085.20788213278,True
crate_recognition,total_weight,34131.60166294687,True
crate_recognition,unique_categories,18245.12663146217,True
crate_recognition,reject_count,1143.3039574983652,True
crate_recognition,has_reject,8341.294802618517,True
crate_recognition,cleaning_count,67.11104962812045,False
crate_recognition,cleaning_duration,6.625900153006031,True
crate_recognition,cleaning_begin_pixels,1.618612148921687,True
crate_recognition,cleaning_end_pixels,5.534895218486819,True
crate_recognition,receipt_count,8556.848537053776,True
crate_recognition,schließen_Weiche 1,170.35002156371763,True
crate_recognition,schließen_Weiche 2,32.79523711309945,True
crate_recognition,öffnen_Weiche 1,49.25420369703858,True
crate_recognition,öffnen_Weiche 2,17.76485525261818,True
crate_recognition,schließen_Weiche 3,2556.738041529581,True
crate_recognition,schließen_Weiche 4,85.19659210939984,True
crate_recognition,schließen_Weiche 5,50.368327045499676,True
crate_recognition,schließen_Weiche 6,94.39498003101431,True
crate_recognition,schließen_Weiche 7,581.6798821830738,True
crate_recognition,öffnen_Weiche 3,731.8288442363934,True
crate_recognition,öffnen_Weiche 4,2428.054857188992,True
crate_recognition,öffnen_Weiche 5,107.08267857510387,True
crate_recognition,öffnen_Weiche 6,164.01508388128073,True
crate_recognition,öffnen_Weiche 7,214.53949413029554,True
crate_recognition,read SM_RingCamera 1,184.0398603387501,True
crate_recognition,read SM_RingCamera 2,475.7860009511492,True
crate_recognition,read SM_RingCamera 3,110.95105914171258,True
crate_recognition,read SM_RingCamera 4,338.22469292706495,True
crate_recognition,read SM_RingCamera 5,417.86328791097196,True
crate_recognition,read SM_RingCamera 6,5402788.892388344,False
crate_recognition,read barcode_RingCamera 1,610.3741483985921,True
crate_recognition,read barcode_RingCamera 2,556.096548723618,True
crate_recognition,read barcode_RingCamera 3,1979.5800120153524,False
crate_recognition,read barcode_RingCamera 4,349.21535166137085,True
crate_recognition,read barcode_RingCamera 5,59.61900671831342,True
crate_recognition,read barcode_RingCamera 6,22.957340672444577,True
other,Helligkeit_Flaschenerkennung,106.22938735206057,True
other,journal_count,34643.88503040402,True
other,total_quantity,34673.20344567396,True
other,total_deposit,42755.321624357915,True
other,total_weight,16968.876342520856,True
other,unique_categories,19396.59647153654,True
other,reject_count,587.1979549139853,True
other,has_reject,13060.108317858034,True
other,cleaning_count,8742751.09417979,False
other,cleaning_duration,80375.42824567377,True
other,cleaning_begin_pixels,35329.158122040804,True
other,cleaning_end_pixels,31560.608414724044,True
other,receipt_count,9700.0933166185,True
other,schließen_Weiche 1,223.14597568593953,True
other,schließen_Weiche 2,37.471647085681326,True
other,öffnen_Weiche 1,67.985299042003,True
other,öffnen_Weiche 2,25.595237794683136,True
other,schließen_Weiche 3,2657.825517340549,True
other,schließen_Weiche 4,59.038665199313435,True
other,schließen_Weiche 5,24.962260057579712,True
other,schließen_Weiche 6,75.35742406147399,True
other,schließen_Weiche 7,456.45542351247724,True
other,öffnen_Weiche 3,552.8795737667959,True
other,öffnen_Weiche 4,1499.9995399335771,True
other,öffnen_Weiche 5,62.542537878860365,True
other,öffnen_Weiche 6,142.22338259586726,True
other,öffnen_Weiche 7,149.8196309609836,True
other,read SM_RingCamera 1,923.3684212486482,True
other,read SM_RingCamera 2,5141.976450002239,True
other,read SM_RingCamera 3,407.78299375203426,True
other,read SM_RingCamera 4,953.8709446213172,True
other,read SM_RingCamera 5,2263.2496258554597,True
other,read SM_RingCamera 6,15123790.502548218,False
other,read barcode_RingCamera 1,2063.499530039866,True
other,read barcode_RingCamera 2,2334.179296383337,True
other,read barcode_RingCamera 3,24289.413210430776,False
other,read barcode_RingCamera 4,1929.2302493264583,True
other,read barcode_RingCamera 5,206.7026221405664,True
other,read barcode_RingCamera 6,57.82018906173244,True
